etapa,media_segundos,media_hms,contagem
swim,1070.9473684210527,00:17:50,19
bike,3340.3684210526317,00:55:40,19
run,1849.3684210526317,00:30:49,19
