{
    "athlete_id": 80795,
    "nome_atleta": "Matthew Hauser",
    "slope_annual_s": -87.15283266619932,
    "p_value": 0.0355181875566493
}