{
    "athlete_id": 86042,
    "nome_atleta": "Vasco Vilaca",
    "slope_annual_s": -95.11144310197692,
    "p_value": 0.018826035638659137
}