{
    "athlete_id": 105480,
    "nome_atleta": "Miguel Hidalgo",
    "slope_annual_s": -59.5820051696555,
    "p_value": 0.02095580267612629
}