etapa,media_segundos,media_hms,contagem
swim,1137.0416666666667,00:18:57,24
bike,3372.9166666666665,00:56:12,24
run,1847.0,00:30:47,24
