etapa,media_segundos,media_hms,contagem
swim,1106.2777777777778,00:18:26,18
bike,3277.8333333333335,00:54:37,18
run,1867.6666666666667,00:31:07,18
