etapa,media_segundos,media_hms,contagem
swim,1362.8352526327494,00:22:42,62957
bike,4227.635989643725,01:10:27,62957
run,2455.7555633209968,00:40:55,62957
